<?xml version="1.0" encoding="UTF-8"?>
<root>
  <item name="com.hyphenate.chat.EMCheckType.CheckType">
    <annotation name="android.support.annotation.IntDef">
      <val name="value" val="{com.hyphenate.chat.EMCheckType.ACCOUNT_VALIDATION, com.hyphenate.chat.EMCheckType.GET_DNS_LIST_FROM_SERVER, com.hyphenate.chat.EMCheckType.GET_TOKEN_FROM_SERVER, com.hyphenate.chat.EMCheckType.DO_LOGIN, com.hyphenate.chat.EMCheckType.DO_LOGOUT}" />
    </annotation>
  </item>
  <item name="com.hyphenate.chat.EMClient void notifyCheckResult(com.hyphenate.chat.EMClient.CheckResultListener, int, int, java.lang.String) 1">
    <annotation name="android.support.annotation.IntDef">
      <val name="value" val="{com.hyphenate.chat.EMCheckType.ACCOUNT_VALIDATION, com.hyphenate.chat.EMCheckType.GET_DNS_LIST_FROM_SERVER, com.hyphenate.chat.EMCheckType.GET_TOKEN_FROM_SERVER, com.hyphenate.chat.EMCheckType.DO_LOGIN, com.hyphenate.chat.EMCheckType.DO_LOGOUT}" />
    </annotation>
  </item>
  <item name="com.hyphenate.chat.EMClient.CheckResultListener void onResult(int, int, java.lang.String) 0">
    <annotation name="android.support.annotation.IntDef">
      <val name="value" val="{com.hyphenate.chat.EMCheckType.ACCOUNT_VALIDATION, com.hyphenate.chat.EMCheckType.GET_DNS_LIST_FROM_SERVER, com.hyphenate.chat.EMCheckType.GET_TOKEN_FROM_SERVER, com.hyphenate.chat.EMCheckType.DO_LOGIN, com.hyphenate.chat.EMCheckType.DO_LOGOUT}" />
    </annotation>
  </item>
</root>

